,Model,Train Accuracy,Test Accuracy,Train Precision,Test Precision,Train Recall,Test Recall,Train F1-Score,Test F1-Score
0,DT_model_knn_o,1.0,0.7712264150943396,1.0,0.23195876288659795,1.0,0.24064171122994651,1.0,0.23622047244094488
1,ADB_model_knn_o,0.8578167115902965,0.8459119496855346,0.6966292134831461,0.3783783783783784,0.13566739606126915,0.0748663101604278,0.2271062271062271,0.125
2,GB_model_knn_o,0.8793800539083558,0.8474842767295597,0.9626168224299065,0.41025641025641024,0.22538293216630198,0.0855614973262032,0.36524822695035464,0.1415929203539823
3,KNN_model_knn_o,0.8675876010781671,0.8317610062893082,0.7461538461538462,0.17073170731707318,0.212253829321663,0.0374331550802139,0.33049403747870526,0.061403508771929814
4,NB_model_knn_o,0.828167115902965,0.8325471698113207,0.3694581280788177,0.358695652173913,0.16411378555798686,0.17647058823529413,0.22727272727272727,0.23655913978494628
5,RF_model_knn_o,1.0,0.8522012578616353,1.0,0.47368421052631576,1.0,0.0481283422459893,1.0,0.08737864077669902
6,ADB_model_s_knn_o,0.6964285714285714,0.664308176100629,0.27439024390243905,0.22850678733031674,0.5908096280087527,0.5401069518716578,0.3747397640527412,0.32114467408585057
7,GB_model_S_knn_o,0.7850404312668463,0.714622641509434,0.3768707482993197,0.2267080745341615,0.6061269146608315,0.39037433155080214,0.46476510067114096,0.2868369351669941
